total_trades,winning_trades,losing_trades,win_rate,total_pnl,avg_pnl,median_pnl,max_pnl,min_pnl,avg_return,avg_duration,avg_max_dd,max_dd,profit_factor,sharpe_ratio,tp,sl,tsl,strategy_id
1,1,0,100.0,4.633000000000024,4.633000000000024,4.633000000000024,4.633000000000024,4.633000000000024,4.633000000000024,6240,13.234576874275797,13.234576874275797,inf,0,0.1,1.0,0.7,TP10_SL100_TSL70
1,1,0,100.0,4.633000000000024,4.633000000000024,4.633000000000024,4.633000000000024,4.633000000000024,4.633000000000024,6240,13.234576874275797,13.234576874275797,inf,0,0.1,0.15,0.3,TP10_SL15_TSL30
1,1,0,100.0,4.633000000000024,4.633000000000024,4.633000000000024,4.633000000000024,4.633000000000024,4.633000000000024,6240,13.234576874275797,13.234576874275797,inf,0,0.1,0.2,0.3,TP10_SL20_TSL30
1,1,0,100.0,4.633000000000024,4.633000000000024,4.633000000000024,4.633000000000024,4.633000000000024,4.633000000000024,6240,13.234576874275797,13.234576874275797,inf,0,0.1,1.0,1.0,TP10_SL100_TSL100
1,1,0,100.0,4.633000000000024,4.633000000000024,4.633000000000024,4.633000000000024,4.633000000000024,4.633000000000024,6240,13.234576874275797,13.234576874275797,inf,0,0.1,0.3,0.15,TP10_SL30_TSL15
